-0.37629862744223697	-0.615632979558909	0.959242917645624
-0.375234741069401	-0.617937328805618	0.9581481863715711
-0.375234741069401	-0.617937328805618	0.9581481863715711
-0.375234741069401	-0.617937328805618	0.9581481863715711
-0.375234741069401	-0.617937328805618	0.9581481863715711
-0.375225551339025	-0.619431574063951	0.958029843297169
-0.375709183930705	-0.62088624093694	0.956954254100395
-0.37585540708917803	-0.622137570986746	0.955345715939245
-0.37585540708917803	-0.622137570986746	0.955345715939245
-0.37585540708917803	-0.622137570986746	0.955345715939245
-0.37585540708917803	-0.622137570986746	0.955345715939245
-0.37585540708917803	-0.622137570986746	0.955345715939245
-0.37518899285020096	-0.623591356359854	0.954184471993838
-0.37518899285020096	-0.623591356359854	0.954184471993838
-0.37518899285020096	-0.623591356359854	0.954184471993838
-0.37518899285020096	-0.623591356359854	0.954184471993838
-0.37518899285020096	-0.623591356359854	0.954184471993838
-0.37518899285020096	-0.623591356359854	0.954184471993838
-0.375513912370904	-0.626079135318771	0.952050408008689
-0.375513912370904	-0.626079135318771	0.952050408008689
-0.375513912370904	-0.626079135318771	0.952050408008689
-0.375513912370904	-0.626079135318771	0.952050408008689
-0.375513912370904	-0.626079135318771	0.952050408008689
-0.377648721760785	-0.62895525247071	0.950800203212223
-0.377648721760785	-0.62895525247071	0.950800203212223
-0.377648721760785	-0.62895525247071	0.950800203212223
-0.377648721760785	-0.62895525247071	0.950800203212223
-0.377648721760785	-0.62895525247071	0.950800203212223
-0.377648721760785	-0.62895525247071	0.950800203212223
-0.380525018305264	-0.6328198482130201	0.950337950485993
-0.380525018305264	-0.6328198482130201	0.950337950485993
-0.380525018305264	-0.6328198482130201	0.950337950485993
-0.380525018305264	-0.6328198482130201	0.950337950485993
-0.380525018305264	-0.6328198482130201	0.950337950485993
-0.38420139034959405	-0.636977523775877	0.950735047508239
-0.38420139034959405	-0.636977523775877	0.950735047508239
-0.38420139034959405	-0.636977523775877	0.950735047508239
-0.38420139034959405	-0.636977523775877	0.950735047508239
-0.38420139034959405	-0.636977523775877	0.950735047508239
-0.38420139034959405	-0.636977523775877	0.950735047508239
-0.38863207799201505	-0.6423773242304041	0.950815506453626
-0.38863207799201505	-0.6423773242304041	0.950815506453626
-0.38863207799201505	-0.6423773242304041	0.950815506453626
-0.38863207799201505	-0.6423773242304041	0.950815506453626
-0.38863207799201505	-0.6423773242304041	0.950815506453626
-0.394138090107522	-0.6468844016523551	0.9480095696836309
-0.394138090107522	-0.6468844016523551	0.9480095696836309
-0.394138090107522	-0.6468844016523551	0.9480095696836309
-0.394138090107522	-0.6468844016523551	0.9480095696836309
-0.394138090107522	-0.6468844016523551	0.9480095696836309
-0.394138090107522	-0.6468844016523551	0.9480095696836309
-0.400550998302917	-0.652145754493512	0.946442244947007
-0.400550998302917	-0.652145754493512	0.946442244947007
-0.400550998302917	-0.652145754493512	0.946442244947007
-0.400550998302917	-0.652145754493512	0.946442244947007
-0.400550998302917	-0.652145754493512	0.946442244947007
-0.406889397907941	-0.657556909170109	0.9375117189182269
-0.406889397907941	-0.657556909170109	0.9375117189182269
-0.406889397907941	-0.657556909170109	0.9375117189182269
-0.406889397907941	-0.657556909170109	0.9375117189182269
-0.406889397907941	-0.657556909170109	0.9375117189182269
-0.413616129580383	-0.663884465079032	0.9460754566954359
-0.413616129580383	-0.663884465079032	0.9460754566954359
-0.413616129580383	-0.663884465079032	0.9460754566954359
-0.413616129580383	-0.663884465079032	0.9460754566954359
-0.413616129580383	-0.663884465079032	0.9460754566954359
-0.413616129580383	-0.663884465079032	0.9460754566954359
-0.420714405840428	-0.6701063038492411	0.945465265432247
-0.420714405840428	-0.6701063038492411	0.945465265432247
-0.420714405840428	-0.6701063038492411	0.945465265432247
-0.420714405840428	-0.6701063038492411	0.945465265432247
-0.420714405840428	-0.6701063038492411	0.945465265432247
-0.420714405840428	-0.6701063038492411	0.945465265432247
-0.428232581411082	-0.6764203519556999	0.9413005527000251
-0.428232581411082	-0.6764203519556999	0.9413005527000251
-0.428232581411082	-0.6764203519556999	0.9413005527000251
-0.428232581411082	-0.6764203519556999	0.9413005527000251
-0.428232581411082	-0.6764203519556999	0.9413005527000251
-0.436330388823229	-0.684157646331167	0.9424396159616161
-0.436330388823229	-0.684157646331167	0.9424396159616161
-0.436330388823229	-0.684157646331167	0.9424396159616161
-0.436330388823229	-0.684157646331167	0.9424396159616161
-0.436330388823229	-0.684157646331167	0.9424396159616161
-0.436330388823229	-0.684157646331167	0.9424396159616161
-0.44340342229970503	-0.69113310603732	0.94326023655402
-0.44340342229970503	-0.69113310603732	0.94326023655402
-0.44340342229970503	-0.69113310603732	0.94326023655402
-0.44340342229970503	-0.69113310603732	0.94326023655402
-0.44340342229970503	-0.69113310603732	0.94326023655402
-0.450148251850256	-0.698746949100259	0.9432094984979331
-0.450148251850256	-0.698746949100259	0.9432094984979331
-0.450148251850256	-0.698746949100259	0.9432094984979331
-0.450148251850256	-0.698746949100259	0.9432094984979331
-0.450148251850256	-0.698746949100259	0.9432094984979331
-0.455449629346982	-0.706338409241978	0.944453860253311
-0.455449629346982	-0.706338409241978	0.944453860253311
-0.455449629346982	-0.706338409241978	0.944453860253311
-0.455449629346982	-0.706338409241978	0.944453860253311
-0.455449629346982	-0.706338409241978	0.944453860253311
-0.455449629346982	-0.706338409241978	0.944453860253311
-0.460472372058116	-0.714552328442333	0.942426324080663
-0.460472372058116	-0.714552328442333	0.942426324080663
-0.460472372058116	-0.714552328442333	0.942426324080663
-0.460472372058116	-0.714552328442333	0.942426324080663
-0.460472372058116	-0.714552328442333	0.942426324080663
-0.464225937636479	-0.723425373382147	0.942648970081922
-0.464225937636479	-0.723425373382147	0.942648970081922
-0.464225937636479	-0.723425373382147	0.942648970081922
-0.464225937636479	-0.723425373382147	0.942648970081922
-0.464225937636479	-0.723425373382147	0.942648970081922
-0.464225937636479	-0.723425373382147	0.942648970081922
-0.467414597155004	-0.731019628353477	0.940483618051661
-0.467414597155004	-0.731019628353477	0.940483618051661
-0.467414597155004	-0.731019628353477	0.940483618051661
-0.467414597155004	-0.731019628353477	0.940483618051661
-0.467414597155004	-0.731019628353477	0.940483618051661
-0.46973160141437303	-0.738780281684727	0.941665332427934
-0.46973160141437303	-0.738780281684727	0.941665332427934
-0.46973160141437303	-0.738780281684727	0.941665332427934
-0.46973160141437303	-0.738780281684727	0.941665332427934
-0.46973160141437303	-0.738780281684727	0.941665332427934
-0.46973160141437303	-0.738780281684727	0.941665332427934
-0.469541494456639	-0.7461592419939189	0.939630662079152
-0.469541494456639	-0.7461592419939189	0.939630662079152
-0.469541494456639	-0.7461592419939189	0.939630662079152
-0.469541494456639	-0.7461592419939189	0.939630662079152
-0.469541494456639	-0.7461592419939189	0.939630662079152
-0.468900839136504	-0.754004310245888	0.9397898234479249
-0.468900839136504	-0.754004310245888	0.9397898234479249
-0.468900839136504	-0.754004310245888	0.9397898234479249
-0.468900839136504	-0.754004310245888	0.9397898234479249
-0.468900839136504	-0.754004310245888	0.9397898234479249
-0.468900839136504	-0.754004310245888	0.9397898234479249
-0.467629785146753	-0.760874098905874	0.9397302547427391
-0.467629785146753	-0.760874098905874	0.9397302547427391
-0.467629785146753	-0.760874098905874	0.9397302547427391
-0.467629785146753	-0.760874098905874	0.9397302547427391
-0.467629785146753	-0.760874098905874	0.9397302547427391
-0.46484141666382	-0.765593165415345	0.940757559474279
-0.46484141666382	-0.765593165415345	0.940757559474279
-0.46484141666382	-0.765593165415345	0.940757559474279
-0.46484141666382	-0.765593165415345	0.940757559474279
-0.46484141666382	-0.765593165415345	0.940757559474279
-0.462050257617166	-0.770028798448408	0.941981327402821
-0.462050257617166	-0.770028798448408	0.941981327402821
-0.462050257617166	-0.770028798448408	0.941981327402821
-0.462050257617166	-0.770028798448408	0.941981327402821
-0.462050257617166	-0.770028798448408	0.941981327402821
-0.462050257617166	-0.770028798448408	0.941981327402821
-0.45830198068392297	-0.772550993495255	0.947147077784426
-0.45830198068392297	-0.772550993495255	0.947147077784426
-0.45830198068392297	-0.772550993495255	0.947147077784426
-0.45830198068392297	-0.772550993495255	0.947147077784426
-0.45830198068392297	-0.772550993495255	0.947147077784426
-0.45386433772133	-0.774125410148211	0.95121266363082
-0.45386433772133	-0.774125410148211	0.95121266363082
-0.45386433772133	-0.774125410148211	0.95121266363082
-0.45386433772133	-0.774125410148211	0.95121266363082
-0.45386433772133	-0.774125410148211	0.95121266363082
-0.45386433772133	-0.774125410148211	0.95121266363082
-0.45005820897446003	-0.774943610605613	0.953722055775904
-0.45005820897446003	-0.774943610605613	0.953722055775904
-0.45005820897446003	-0.774943610605613	0.953722055775904
-0.45005820897446003	-0.774943610605613	0.953722055775904
-0.45005820897446003	-0.774943610605613	0.953722055775904
-0.442417421904812	-0.775343078725771	0.95551379431547
-0.442417421904812	-0.775343078725771	0.95551379431547
-0.442417421904812	-0.775343078725771	0.95551379431547
-0.442417421904812	-0.775343078725771	0.95551379431547
-0.442417421904812	-0.775343078725771	0.95551379431547
-0.442417421904812	-0.775343078725771	0.95551379431547
-0.434748947376309	-0.774199894228356	0.959263763256706
-0.434748947376309	-0.774199894228356	0.959263763256706
-0.434748947376309	-0.774199894228356	0.959263763256706
-0.434748947376309	-0.774199894228356	0.959263763256706
-0.434748947376309	-0.774199894228356	0.959263763256706
-0.42680849150967604	-0.77232285708071	0.963921564526073
-0.42680849150967604	-0.77232285708071	0.963921564526073
-0.42680849150967604	-0.77232285708071	0.963921564526073
-0.42680849150967604	-0.77232285708071	0.963921564526073
-0.42680849150967604	-0.77232285708071	0.963921564526073
-0.42680849150967604	-0.77232285708071	0.963921564526073
-0.419583272401383	-0.770385979819987	0.967256112463959
-0.419583272401383	-0.770385979819987	0.967256112463959
-0.419583272401383	-0.770385979819987	0.967256112463959
-0.419583272401383	-0.770385979819987	0.967256112463959
-0.419583272401383	-0.770385979819987	0.967256112463959
-0.410915162063778	-0.767347121114668	0.967935564904984
-0.410915162063778	-0.767347121114668	0.967935564904984
-0.410915162063778	-0.767347121114668	0.967935564904984
-0.410915162063778	-0.767347121114668	0.967935564904984
-0.410915162063778	-0.767347121114668	0.967935564904984
-0.410915162063778	-0.767347121114668	0.967935564904984
-0.40196834394888703	-0.764078938185325	0.969304385191629
-0.40196834394888703	-0.764078938185325	0.969304385191629
-0.40196834394888703	-0.764078938185325	0.969304385191629
-0.40196834394888703	-0.764078938185325	0.969304385191629
-0.40196834394888703	-0.764078938185325	0.969304385191629
-0.391272450964046	-0.7592374588154981	0.965364292396842
-0.391272450964046	-0.7592374588154981	0.965364292396842
-0.391272450964046	-0.7592374588154981	0.965364292396842
-0.391272450964046	-0.7592374588154981	0.965364292396842
-0.391272450964046	-0.7592374588154981	0.965364292396842
-0.391272450964046	-0.7592374588154981	0.965364292396842
-0.38168717757285997	-0.756191918609127	0.964782061674948
-0.38168717757285997	-0.756191918609127	0.964782061674948
-0.38168717757285997	-0.756191918609127	0.964782061674948
-0.38168717757285997	-0.756191918609127	0.964782061674948
-0.38168717757285997	-0.756191918609127	0.964782061674948
-0.37052767081441	-0.750982091434322	0.963514153393347
-0.37052767081441	-0.750982091434322	0.963514153393347
-0.37052767081441	-0.750982091434322	0.963514153393347
-0.37052767081441	-0.750982091434322	0.963514153393347
-0.37052767081441	-0.750982091434322	0.963514153393347
-0.37052767081441	-0.750982091434322	0.963514153393347
-0.37052767081441	-0.750982091434322	0.963514153393347
-0.37052767081441	-0.750982091434322	0.963514153393347
-0.35960854337514203	-0.746375520764866	0.962589491772448
-0.35960854337514203	-0.746375520764866	0.962589491772448
-0.35960854337514203	-0.746375520764866	0.962589491772448
-0.35960854337514203	-0.746375520764866	0.962589491772448
-0.35960854337514203	-0.746375520764866	0.962589491772448
-0.35960854337514203	-0.746375520764866	0.962589491772448
-0.35960854337514203	-0.746375520764866	0.962589491772448
-0.35960854337514203	-0.746375520764866	0.962589491772448
-0.34791137457403104	-0.743716331608289	0.965861275349557
-0.34791137457403104	-0.743716331608289	0.965861275349557
-0.34791137457403104	-0.743716331608289	0.965861275349557
-0.34791137457403104	-0.743716331608289	0.965861275349557
-0.34791137457403104	-0.743716331608289	0.965861275349557
-0.34791137457403104	-0.743716331608289	0.965861275349557
-0.34791137457403104	-0.743716331608289	0.965861275349557
-0.34791137457403104	-0.743716331608289	0.965861275349557
-0.34791137457403104	-0.743716331608289	0.965861275349557
-0.34791137457403104	-0.743716331608289	0.965861275349557
-0.34791137457403104	-0.743716331608289	0.965861275349557
-0.34791137457403104	-0.743716331608289	0.965861275349557
-0.34791137457403104	-0.743716331608289	0.965861275349557
-0.34791137457403104	-0.743716331608289	0.965861275349557
-0.34791137457403104	-0.743716331608289	0.965861275349557
-0.34791137457403104	-0.743716331608289	0.965861275349557
-0.34791137457403104	-0.743716331608289	0.965861275349557
-0.34791137457403104	-0.743716331608289	0.965861275349557
-0.34791137457403104	-0.743716331608289	0.965861275349557
-0.34791137457403104	-0.743716331608289	0.965861275349557
-0.34791137457403104	-0.743716331608289	0.965861275349557
-0.34791137457403104	-0.743716331608289	0.965861275349557
-0.34791137457403104	-0.743716331608289	0.965861275349557
-0.34791137457403104	-0.743716331608289	0.965861275349557
-0.34791137457403104	-0.743716331608289	0.965861275349557
-0.34791137457403104	-0.743716331608289	0.965861275349557
-0.34791137457403104	-0.743716331608289	0.965861275349557
-0.296608882528884	-0.731633348256559	0.96736358883918
-0.296608882528884	-0.731633348256559	0.96736358883918
-0.296608882528884	-0.731633348256559	0.96736358883918
-0.28290751663248603	-0.727851856933067	0.9670959490142571
-0.269074623065808	-0.724906703918778	0.968136644956164
-0.269074623065808	-0.724906703918778	0.968136644956164
-0.269074623065808	-0.724906703918778	0.968136644956164
-0.269074623065808	-0.724906703918778	0.968136644956164
-0.269074623065808	-0.724906703918778	0.968136644956164
-0.269074623065808	-0.724906703918778	0.968136644956164
-0.269074623065808	-0.724906703918778	0.968136644956164
-0.269074623065808	-0.724906703918778	0.968136644956164
-0.256823050829254	-0.720605207472117	0.969003828592127
-0.256823050829254	-0.720605207472117	0.969003828592127
-0.256823050829254	-0.720605207472117	0.969003828592127
-0.256823050829254	-0.720605207472117	0.969003828592127
-0.256823050829254	-0.720605207472117	0.969003828592127
-0.256823050829254	-0.720605207472117	0.969003828592127
-0.256823050829254	-0.720605207472117	0.969003828592127
-0.240550331343917	-0.7165979217251031	0.9673974500828261
-0.240550331343917	-0.7165979217251031	0.9673974500828261
-0.240550331343917	-0.7165979217251031	0.9673974500828261
-0.240550331343917	-0.7165979217251031	0.9673974500828261
-0.240550331343917	-0.7165979217251031	0.9673974500828261
-0.240550331343917	-0.7165979217251031	0.9673974500828261
-0.240550331343917	-0.7165979217251031	0.9673974500828261
-0.240550331343917	-0.7165979217251031	0.9673974500828261
-0.240550331343917	-0.7165979217251031	0.9673974500828261
-0.240550331343917	-0.7165979217251031	0.9673974500828261
-0.240550331343917	-0.7165979217251031	0.9673974500828261
-0.240550331343917	-0.7165979217251031	0.9673974500828261
-0.240550331343917	-0.7165979217251031	0.9673974500828261
-0.240550331343917	-0.7165979217251031	0.9673974500828261
-0.240550331343917	-0.7165979217251031	0.9673974500828261
-0.240550331343917	-0.7165979217251031	0.9673974500828261
-0.240550331343917	-0.7165979217251031	0.9673974500828261
-0.240550331343917	-0.7165979217251031	0.9673974500828261
-0.240550331343917	-0.7165979217251031	0.9673974500828261
-0.240550331343917	-0.7165979217251031	0.9673974500828261
-0.240550331343917	-0.7165979217251031	0.9673974500828261
-0.240550331343917	-0.7165979217251031	0.9673974500828261
-0.240550331343917	-0.7165979217251031	0.9673974500828261
-0.240550331343917	-0.7165979217251031	0.9673974500828261
-0.240550331343917	-0.7165979217251031	0.9673974500828261
-0.240550331343917	-0.7165979217251031	0.9673974500828261
-0.240550331343917	-0.7165979217251031	0.9673974500828261
-0.240550331343917	-0.7165979217251031	0.9673974500828261
-0.240550331343917	-0.7165979217251031	0.9673974500828261
-0.240550331343917	-0.7165979217251031	0.9673974500828261
-0.240550331343917	-0.7165979217251031	0.9673974500828261
-0.240550331343917	-0.7165979217251031	0.9673974500828261
-0.197782502796185	-0.699769688394184	0.961859868152538
-0.183522234929574	-0.691709415493174	0.9595278030389071
-0.183522234929574	-0.691709415493174	0.9595278030389071
-0.183522234929574	-0.691709415493174	0.9595278030389071
-0.183522234929574	-0.691709415493174	0.9595278030389071
-0.168949376579167	-0.683161307820496	0.958095249910726
-0.168949376579167	-0.683161307820496	0.958095249910726
-0.153524403749277	-0.672235694663637	0.955306002538734
-0.153524403749277	-0.672235694663637	0.955306002538734
-0.135653029394705	-0.660984799746706	0.9545185748032431
-0.135653029394705	-0.660984799746706	0.9545185748032431
-0.135653029394705	-0.660984799746706	0.9545185748032431
-0.135653029394705	-0.660984799746706	0.9545185748032431
-0.135653029394705	-0.660984799746706	0.9545185748032431
-0.135653029394705	-0.660984799746706	0.9545185748032431
-0.135653029394705	-0.660984799746706	0.9545185748032431
-0.135653029394705	-0.660984799746706	0.9545185748032431
-0.135653029394705	-0.660984799746706	0.9545185748032431
-0.135653029394705	-0.660984799746706	0.9545185748032431
-0.135653029394705	-0.660984799746706	0.9545185748032431
-0.135653029394705	-0.660984799746706	0.9545185748032431
-0.135653029394705	-0.660984799746706	0.9545185748032431
-0.135653029394705	-0.660984799746706	0.9545185748032431
-0.135653029394705	-0.660984799746706	0.9545185748032431
-0.116585760895104	-0.648486950142978	0.949255633944219
-0.116585760895104	-0.648486950142978	0.949255633944219
-0.116585760895104	-0.648486950142978	0.949255633944219
-0.116585760895104	-0.648486950142978	0.949255633944219
-0.116585760895104	-0.648486950142978	0.949255633944219
-0.09708173737167429	-0.636528811221153	0.9466728468762371
-0.09708173737167429	-0.636528811221153	0.9466728468762371
-0.09708173737167429	-0.636528811221153	0.9466728468762371
-0.09708173737167429	-0.636528811221153	0.9466728468762371
-0.09708173737167429	-0.636528811221153	0.9466728468762371
-0.09708173737167429	-0.636528811221153	0.9466728468762371
-0.09708173737167429	-0.636528811221153	0.9466728468762371
-0.0773420894642481	-0.6232069043711851	0.950210094689821
-0.0773420894642481	-0.6232069043711851	0.950210094689821
-0.057899144609507	-0.608191364387161	0.951496797947076
-0.057899144609507	-0.608191364387161	0.951496797947076
-0.057899144609507	-0.608191364387161	0.951496797947076
-0.057899144609507	-0.608191364387161	0.951496797947076
-0.057899144609507	-0.608191364387161	0.951496797947076
-0.057899144609507	-0.608191364387161	0.951496797947076
-0.0394395158450763	-0.593367610327074	0.9564427485199289
-0.0215777478637328	-0.5764566122374	0.962292946303984
-0.00484104009255862	-0.558329568755936	0.9673901098779341
0.00924719872398038	-0.542595839185035	0.971217172949952
0.00924719872398038	-0.542595839185035	0.971217172949952
0.024445237608214602	-0.5229640398491641	0.9739839684846251
0.024445237608214602	-0.5229640398491641	0.9739839684846251
0.024445237608214602	-0.5229640398491641	0.9739839684846251
0.024445237608214602	-0.5229640398491641	0.9739839684846251
0.0367449606667899	-0.50454969859501	0.975632222410307
0.0367449606667899	-0.50454969859501	0.975632222410307
0.0367449606667899	-0.50454969859501	0.975632222410307
0.0367449606667899	-0.50454969859501	0.975632222410307
0.0367449606667899	-0.50454969859501	0.975632222410307
0.0367449606667899	-0.50454969859501	0.975632222410307
0.0367449606667899	-0.50454969859501	0.975632222410307
0.049349169754089206	-0.48412658703579703	0.9742490956986041
0.049349169754089206	-0.48412658703579703	0.9742490956986041
0.049349169754089206	-0.48412658703579703	0.9742490956986041
0.049349169754089206	-0.48412658703579703	0.9742490956986041
0.049349169754089206	-0.48412658703579703	0.9742490956986041
0.0593498220763788	-0.46415331387923603	0.97007061509123
0.0593498220763788	-0.46415331387923603	0.97007061509123
0.0593498220763788	-0.46415331387923603	0.97007061509123
0.0593498220763788	-0.46415331387923603	0.97007061509123
0.0593498220763788	-0.46415331387923603	0.97007061509123
0.0652149807613151	-0.44255558382742	0.969421690926499
0.0652149807613151	-0.44255558382742	0.969421690926499
0.0652149807613151	-0.44255558382742	0.969421690926499
0.0652149807613151	-0.44255558382742	0.969421690926499
0.0652149807613151	-0.44255558382742	0.969421690926499
0.0686390423937638	-0.420039759845795	0.968083288108325
0.0686390423937638	-0.420039759845795	0.968083288108325
0.0686390423937638	-0.420039759845795	0.968083288108325
0.0686390423937638	-0.420039759845795	0.968083288108325
0.0686390423937638	-0.420039759845795	0.968083288108325
0.0686390423937638	-0.420039759845795	0.968083288108325
0.0697337138196406	-0.39799643579423005	0.9660095028576889
0.0697337138196406	-0.39799643579423005	0.9660095028576889
0.0697337138196406	-0.39799643579423005	0.9660095028576889
0.0697337138196406	-0.39799643579423005	0.9660095028576889
0.0697337138196406	-0.39799643579423005	0.9660095028576889
0.0702843626706825	-0.37587520503119903	0.961121035803875
0.0702843626706825	-0.37587520503119903	0.961121035803875
0.0702843626706825	-0.37587520503119903	0.961121035803875
0.0702843626706825	-0.37587520503119903	0.961121035803875
0.0702843626706825	-0.37587520503119903	0.961121035803875
0.0702843626706825	-0.37587520503119903	0.961121035803875
0.0654986356379364	-0.355129380268688	0.960217508005509
0.0654986356379364	-0.355129380268688	0.960217508005509
0.0654986356379364	-0.355129380268688	0.960217508005509
0.0654986356379364	-0.355129380268688	0.960217508005509
0.0654986356379364	-0.355129380268688	0.960217508005509
0.0607423686615702	-0.334940853847605	0.9582427888260721
0.0607423686615702	-0.334940853847605	0.9582427888260721
0.0607423686615702	-0.334940853847605	0.9582427888260721
0.0607423686615702	-0.334940853847605	0.9582427888260721
0.0607423686615702	-0.334940853847605	0.9582427888260721
0.0607423686615702	-0.334940853847605	0.9582427888260721
0.0541005418263458	-0.31572603725924303	0.956417311110826
0.0541005418263458	-0.31572603725924303	0.956417311110826
0.0541005418263458	-0.31572603725924303	0.956417311110826
0.0541005418263458	-0.31572603725924303	0.956417311110826
0.0541005418263458	-0.31572603725924303	0.956417311110826
0.0541005418263458	-0.31572603725924303	0.956417311110826
0.0469940194762139	-0.297692481893058	0.953400521604877
0.0469940194762139	-0.297692481893058	0.953400521604877
0.0469940194762139	-0.297692481893058	0.953400521604877
0.0469940194762139	-0.297692481893058	0.953400521604877
0.0469940194762139	-0.297692481893058	0.953400521604877
0.0385660445262071	-0.279588164338462	0.951623814195481
0.0385660445262071	-0.279588164338462	0.951623814195481
0.0385660445262071	-0.279588164338462	0.951623814195481
0.0385660445262071	-0.279588164338462	0.951623814195481
0.0385660445262071	-0.279588164338462	0.951623814195481
0.031024861295617802	-0.264646380761484	0.950490130343545
0.031024861295617802	-0.264646380761484	0.950490130343545
0.031024861295617802	-0.264646380761484	0.950490130343545
0.031024861295617802	-0.264646380761484	0.950490130343545
0.031024861295617802	-0.264646380761484	0.950490130343545
0.031024861295617802	-0.264646380761484	0.950490130343545
0.0236182467577251	-0.250355513936946	0.949427903224826
0.0236182467577251	-0.250355513936946	0.949427903224826
0.0236182467577251	-0.250355513936946	0.949427903224826
0.0236182467577251	-0.250355513936946	0.949427903224826
0.0236182467577251	-0.250355513936946	0.949427903224826
0.0140384302775626	-0.237216620078605	0.9492717230030201
0.0140384302775626	-0.237216620078605	0.9492717230030201
0.0140384302775626	-0.237216620078605	0.9492717230030201
0.0140384302775626	-0.237216620078605	0.9492717230030201
0.0140384302775626	-0.237216620078605	0.9492717230030201
0.0140384302775626	-0.237216620078605	0.9492717230030201
0.0047073060552944804	-0.22504125903915098	0.9511467370186
0.0047073060552944804	-0.22504125903915098	0.9511467370186
0.0047073060552944804	-0.22504125903915098	0.9511467370186
0.0047073060552944804	-0.22504125903915098	0.9511467370186
0.0047073060552944804	-0.22504125903915098	0.9511467370186
-0.0053804764424088	-0.21517945951320702	0.952127734064646
-0.0053804764424088	-0.21517945951320702	0.952127734064646
-0.0053804764424088	-0.21517945951320702	0.952127734064646
-0.0053804764424088	-0.21517945951320702	0.952127734064646
-0.0053804764424088	-0.21517945951320702	0.952127734064646
-0.0053804764424088	-0.21517945951320702	0.952127734064646
-0.013496257238736901	-0.20719820356538302	0.95168137190475
-0.013496257238736901	-0.20719820356538302	0.95168137190475
-0.013496257238736901	-0.20719820356538302	0.95168137190475
-0.013496257238736901	-0.20719820356538302	0.95168137190475
-0.013496257238736901	-0.20719820356538302	0.95168137190475
-0.023870591619943402	-0.20010802885496	0.951582321481222
-0.023870591619943402	-0.20010802885496	0.951582321481222
-0.023870591619943402	-0.20010802885496	0.951582321481222
-0.023870591619943402	-0.20010802885496	0.951582321481222
-0.023870591619943402	-0.20010802885496	0.951582321481222
-0.023870591619943402	-0.20010802885496	0.951582321481222
-0.0342505433281654	-0.193452546899248	0.951660256152634
-0.0342505433281654	-0.193452546899248	0.951660256152634
-0.0342505433281654	-0.193452546899248	0.951660256152634
-0.0342505433281654	-0.193452546899248	0.951660256152634
-0.0342505433281654	-0.193452546899248	0.951660256152634
-0.0426897402676277	-0.18847963484923802	0.9517571562135431
-0.0426897402676277	-0.18847963484923802	0.9517571562135431
-0.0426897402676277	-0.18847963484923802	0.9517571562135431
-0.0426897402676277	-0.18847963484923802	0.9517571562135431
-0.0426897402676277	-0.18847963484923802	0.9517571562135431
-0.0426897402676277	-0.18847963484923802	0.9517571562135431
-0.0515631153375741	-0.184136055511543	0.952645349553217
-0.0515631153375741	-0.184136055511543	0.952645349553217
-0.0515631153375741	-0.184136055511543	0.952645349553217
-0.0515631153375741	-0.184136055511543	0.952645349553217
-0.0515631153375741	-0.184136055511543	0.952645349553217
-0.0622452264865556	-0.17882487414526801	0.952475448469841
-0.0622452264865556	-0.17882487414526801	0.952475448469841
-0.0622452264865556	-0.17882487414526801	0.952475448469841
-0.0622452264865556	-0.17882487414526801	0.952475448469841
-0.0622452264865556	-0.17882487414526801	0.952475448469841
-0.0688365055393779	-0.17734980611019502	0.954637678096055
-0.0688365055393779	-0.17734980611019502	0.954637678096055
-0.0688365055393779	-0.17734980611019502	0.954637678096055
-0.0688365055393779	-0.17734980611019502	0.954637678096055
-0.0688365055393779	-0.17734980611019502	0.954637678096055
-0.0688365055393779	-0.17734980611019502	0.954637678096055
-0.0765070187792657	-0.17377932801773	0.9554607229644949
-0.0765070187792657	-0.17377932801773	0.9554607229644949
-0.0765070187792657	-0.17377932801773	0.9554607229644949
-0.0765070187792657	-0.17377932801773	0.9554607229644949
-0.0765070187792657	-0.17377932801773	0.9554607229644949
-0.085461141195113	-0.17250826962883703	0.957423585161502
-0.085461141195113	-0.17250826962883703	0.957423585161502
-0.085461141195113	-0.17250826962883703	0.957423585161502
-0.085461141195113	-0.17250826962883703	0.957423585161502
-0.085461141195113	-0.17250826962883703	0.957423585161502
-0.085461141195113	-0.17250826962883703	0.957423585161502
-0.09318784456722111	-0.171082860906662	0.9559490395842061
-0.09318784456722111	-0.171082860906662	0.9559490395842061
-0.09318784456722111	-0.171082860906662	0.9559490395842061
-0.09318784456722111	-0.171082860906662	0.9559490395842061
-0.09318784456722111	-0.171082860906662	0.9559490395842061
-0.10237432767640099	-0.17136227588191302	0.9554708068199621
-0.10237432767640099	-0.17136227588191302	0.9554708068199621
-0.10237432767640099	-0.17136227588191302	0.9554708068199621
-0.10237432767640099	-0.17136227588191302	0.9554708068199621
-0.10237432767640099	-0.17136227588191302	0.9554708068199621
-0.10237432767640099	-0.17136227588191302	0.9554708068199621
-0.10896514323888	-0.173934593965235	0.957427075460076
-0.10896514323888	-0.173934593965235	0.957427075460076
-0.10896514323888	-0.173934593965235	0.957427075460076
-0.10896514323888	-0.173934593965235	0.957427075460076
-0.10896514323888	-0.173934593965235	0.957427075460076
-0.10896514323888	-0.173934593965235	0.957427075460076
-0.115450609830897	-0.17636521915691902	0.958376306634059
-0.115450609830897	-0.17636521915691902	0.958376306634059
-0.115450609830897	-0.17636521915691902	0.958376306634059
-0.115450609830897	-0.17636521915691902	0.958376306634059
-0.115450609830897	-0.17636521915691902	0.958376306634059
-0.12369065379445701	-0.18001950880309098	0.958247645919622
-0.12369065379445701	-0.18001950880309098	0.958247645919622
-0.12369065379445701	-0.18001950880309098	0.958247645919622
-0.12369065379445701	-0.18001950880309098	0.958247645919622
-0.12369065379445701	-0.18001950880309098	0.958247645919622
-0.131000413610377	-0.18226972873768	0.956799083632229
-0.131000413610377	-0.18226972873768	0.956799083632229
-0.131000413610377	-0.18226972873768	0.956799083632229
-0.131000413610377	-0.18226972873768	0.956799083632229
-0.131000413610377	-0.18226972873768	0.956799083632229
-0.131000413610377	-0.18226972873768	0.956799083632229
-0.136184021086946	-0.186130846492063	0.957996983438641
-0.136184021086946	-0.186130846492063	0.957996983438641
-0.136184021086946	-0.186130846492063	0.957996983438641
-0.136184021086946	-0.186130846492063	0.957996983438641
-0.136184021086946	-0.186130846492063	0.957996983438641
-0.14256607216877898	-0.188637767787467	0.955690539293983
-0.14256607216877898	-0.188637767787467	0.955690539293983
-0.14256607216877898	-0.188637767787467	0.955690539293983
-0.14256607216877898	-0.188637767787467	0.955690539293983
-0.14256607216877898	-0.188637767787467	0.955690539293983
-0.14256607216877898	-0.188637767787467	0.955690539293983
-0.14584016612766101	-0.191944149937423	0.9553440031877221
-0.14584016612766101	-0.191944149937423	0.9553440031877221
-0.14584016612766101	-0.191944149937423	0.9553440031877221
-0.14584016612766101	-0.191944149937423	0.9553440031877221
-0.14584016612766101	-0.191944149937423	0.9553440031877221
-0.149693412040616	-0.193196478887652	0.9537180517412691
-0.149693412040616	-0.193196478887652	0.9537180517412691
-0.149693412040616	-0.193196478887652	0.9537180517412691
-0.149693412040616	-0.193196478887652	0.9537180517412691
-0.149693412040616	-0.193196478887652	0.9537180517412691
-0.149693412040616	-0.193196478887652	0.9537180517412691
-0.15048884256703102	-0.19631408917749302	0.953700854959499
-0.15048884256703102	-0.19631408917749302	0.953700854959499
-0.15048884256703102	-0.19631408917749302	0.953700854959499
-0.15048884256703102	-0.19631408917749302	0.953700854959499
-0.15048884256703102	-0.19631408917749302	0.953700854959499
-0.151254462027012	-0.197401824348828	0.955410548289573
-0.151254462027012	-0.197401824348828	0.955410548289573
-0.151254462027012	-0.197401824348828	0.955410548289573
-0.151254462027012	-0.197401824348828	0.955410548289573
-0.151254462027012	-0.197401824348828	0.955410548289573
-0.15125151471454001	-0.198530408347748	0.957216388999099
-0.15125151471454001	-0.198530408347748	0.957216388999099
-0.15125151471454001	-0.198530408347748	0.957216388999099
-0.15125151471454001	-0.198530408347748	0.957216388999099
-0.15125151471454001	-0.198530408347748	0.957216388999099
-0.15125151471454001	-0.198530408347748	0.957216388999099
-0.149211564331368	-0.199770150515193	0.959284152404232
-0.149211564331368	-0.199770150515193	0.959284152404232
-0.149211564331368	-0.199770150515193	0.959284152404232
-0.149211564331368	-0.199770150515193	0.959284152404232
-0.149211564331368	-0.199770150515193	0.959284152404232
-0.146606168084951	-0.200169627698239	0.961764411855404
-0.146606168084951	-0.200169627698239	0.961764411855404
-0.146606168084951	-0.200169627698239	0.961764411855404
-0.146606168084951	-0.200169627698239	0.961764411855404
-0.146606168084951	-0.200169627698239	0.961764411855404
-0.146606168084951	-0.200169627698239	0.961764411855404
-0.14497524797992803	-0.199641259552573	0.962545861646759
-0.14497524797992803	-0.199641259552573	0.962545861646759
-0.14497524797992803	-0.199641259552573	0.962545861646759
-0.14497524797992803	-0.199641259552573	0.962545861646759
-0.14497524797992803	-0.199641259552573	0.962545861646759
-0.140656773873296	-0.199411011593008	0.9654670504007301
-0.140656773873296	-0.199411011593008	0.9654670504007301
-0.140656773873296	-0.199411011593008	0.9654670504007301
-0.140656773873296	-0.199411011593008	0.9654670504007301
-0.140656773873296	-0.199411011593008	0.9654670504007301
-0.140656773873296	-0.199411011593008	0.9654670504007301
-0.136954411597873	-0.199299843918779	0.967659444700108
-0.136954411597873	-0.199299843918779	0.967659444700108
-0.136954411597873	-0.199299843918779	0.967659444700108
-0.136954411597873	-0.199299843918779	0.967659444700108
-0.136954411597873	-0.199299843918779	0.967659444700108
-0.13258467812991298	-0.197795438481118	0.968903548801689
-0.13258467812991298	-0.197795438481118	0.968903548801689
-0.13258467812991298	-0.197795438481118	0.968903548801689
-0.13258467812991298	-0.197795438481118	0.968903548801689
-0.13258467812991298	-0.197795438481118	0.968903548801689
-0.13258467812991298	-0.197795438481118	0.968903548801689
-0.129001470073881	-0.19563011774087302	0.9698543299864361
-0.129001470073881	-0.19563011774087302	0.9698543299864361
-0.129001470073881	-0.19563011774087302	0.9698543299864361
-0.129001470073881	-0.19563011774087302	0.9698543299864361
-0.129001470073881	-0.19563011774087302	0.9698543299864361
-0.129001470073881	-0.19563011774087302	0.9698543299864361
-0.123697621441252	-0.195077398360688	0.9728229172053751
-0.123697621441252	-0.195077398360688	0.9728229172053751
-0.123697621441252	-0.195077398360688	0.9728229172053751
-0.123697621441252	-0.195077398360688	0.9728229172053751
-0.123697621441252	-0.195077398360688	0.9728229172053751
-0.120621878007929	-0.19242024104097702	0.9742742568392451
-0.120621878007929	-0.19242024104097702	0.9742742568392451
-0.120621878007929	-0.19242024104097702	0.9742742568392451
-0.120621878007929	-0.19242024104097702	0.9742742568392451
-0.120621878007929	-0.19242024104097702	0.9742742568392451
-0.115395698656584	-0.192159195829048	0.97707138596706
-0.115395698656584	-0.192159195829048	0.97707138596706
-0.115395698656584	-0.192159195829048	0.97707138596706
-0.115395698656584	-0.192159195829048	0.97707138596706
-0.115395698656584	-0.192159195829048	0.97707138596706
-0.115395698656584	-0.192159195829048	0.97707138596706
-0.112146391649614	-0.19047417426563001	0.978630377045151
-0.112146391649614	-0.19047417426563001	0.978630377045151
-0.112146391649614	-0.19047417426563001	0.978630377045151
-0.112146391649614	-0.19047417426563001	0.978630377045151
-0.112146391649614	-0.19047417426563001	0.978630377045151
-0.110083177359342	-0.188069270943613	0.9779854409261161
-0.110083177359342	-0.188069270943613	0.9779854409261161
-0.110083177359342	-0.188069270943613	0.9779854409261161
-0.110083177359342	-0.188069270943613	0.9779854409261161
-0.110083177359342	-0.188069270943613	0.9779854409261161
-0.106968221808417	-0.185739913815464	0.977914684186086
-0.106968221808417	-0.185739913815464	0.977914684186086
-0.106968221808417	-0.185739913815464	0.977914684186086
-0.106968221808417	-0.185739913815464	0.977914684186086
-0.106968221808417	-0.185739913815464	0.977914684186086
-0.106968221808417	-0.185739913815464	0.977914684186086
-0.104153989864602	-0.18309090782152002	0.977917749935183
-0.104153989864602	-0.18309090782152002	0.977917749935183
-0.104153989864602	-0.18309090782152002	0.977917749935183
-0.104153989864602	-0.18309090782152002	0.977917749935183
-0.104153989864602	-0.18309090782152002	0.977917749935183
-0.104153989864602	-0.18309090782152002	0.977917749935183
-0.10237532051861901	-0.18068180261729402	0.9749463079145381
-0.10237532051861901	-0.18068180261729402	0.9749463079145381
-0.10237532051861901	-0.18068180261729402	0.9749463079145381
-0.10237532051861901	-0.18068180261729402	0.9749463079145381
-0.10237532051861901	-0.18068180261729402	0.9749463079145381
-0.10220176029648301	-0.176920984755404	0.9721487266052871
-0.10220176029648301	-0.176920984755404	0.9721487266052871
-0.10220176029648301	-0.176920984755404	0.9721487266052871
-0.10220176029648301	-0.176920984755404	0.9721487266052871
-0.10220176029648301	-0.176920984755404	0.9721487266052871
-0.10220176029648301	-0.176920984755404	0.9721487266052871
-0.10221295813733901	-0.174383689929789	0.969864150331549
-0.10221295813733901	-0.174383689929789	0.969864150331549
-0.10221295813733901	-0.174383689929789	0.969864150331549
-0.10221295813733901	-0.174383689929789	0.969864150331549
-0.10221295813733901	-0.174383689929789	0.969864150331549
-0.102010374823554	-0.17375044795353803	0.9683723008810959
-0.102010374823554	-0.17375044795353803	0.9683723008810959
-0.102010374823554	-0.17375044795353803	0.9683723008810959
-0.102010374823554	-0.17375044795353803	0.9683723008810959
-0.102010374823554	-0.17375044795353803	0.9683723008810959
-0.103084939348585	-0.17119034759635698	0.965488340014356
-0.103084939348585	-0.17119034759635698	0.965488340014356
-0.103084939348585	-0.17119034759635698	0.965488340014356
-0.103084939348585	-0.17119034759635698	0.965488340014356
-0.103084939348585	-0.17119034759635698	0.965488340014356
-0.103084939348585	-0.17119034759635698	0.965488340014356
-0.104961907034649	-0.168108469119178	0.965831197963161
-0.104961907034649	-0.168108469119178	0.965831197963161
-0.104961907034649	-0.168108469119178	0.965831197963161
-0.104961907034649	-0.168108469119178	0.965831197963161
-0.104961907034649	-0.168108469119178	0.965831197963161
-0.10814725677742101	-0.165126084983354	0.9651729582488071
-0.10814725677742101	-0.165126084983354	0.9651729582488071
-0.10814725677742101	-0.165126084983354	0.9651729582488071
-0.10814725677742101	-0.165126084983354	0.9651729582488071
-0.10814725677742101	-0.165126084983354	0.9651729582488071
-0.10814725677742101	-0.165126084983354	0.9651729582488071
-0.111810852316879	-0.16428081587152202	0.966219349639676
-0.111810852316879	-0.16428081587152202	0.966219349639676
-0.111810852316879	-0.16428081587152202	0.966219349639676
-0.111810852316879	-0.16428081587152202	0.966219349639676
-0.111810852316879	-0.16428081587152202	0.966219349639676
-0.115911517248944	-0.162733138517985	0.96084344479451
-0.115911517248944	-0.162733138517985	0.96084344479451
-0.115911517248944	-0.162733138517985	0.96084344479451
-0.115911517248944	-0.162733138517985	0.96084344479451
-0.115911517248944	-0.162733138517985	0.96084344479451
-0.115911517248944	-0.162733138517985	0.96084344479451
-0.122925332306854	-0.162191552850417	0.966138328365699
-0.122925332306854	-0.162191552850417	0.966138328365699
-0.122925332306854	-0.162191552850417	0.966138328365699
-0.122925332306854	-0.162191552850417	0.966138328365699
-0.122925332306854	-0.162191552850417	0.966138328365699
-0.131920712754719	-0.163389036332249	0.96650081212774
-0.131920712754719	-0.163389036332249	0.96650081212774
-0.131920712754719	-0.163389036332249	0.96650081212774
-0.131920712754719	-0.163389036332249	0.96650081212774
-0.131920712754719	-0.163389036332249	0.96650081212774
-0.131920712754719	-0.163389036332249	0.96650081212774
-0.138927922424528	-0.166228086156321	0.964686349102166
-0.138927922424528	-0.166228086156321	0.964686349102166
-0.138927922424528	-0.166228086156321	0.964686349102166
-0.138927922424528	-0.166228086156321	0.964686349102166
-0.138927922424528	-0.166228086156321	0.964686349102166
-0.151343872757603	-0.16877191275567	0.9631975969299911
-0.151343872757603	-0.16877191275567	0.9631975969299911
-0.151343872757603	-0.16877191275567	0.9631975969299911
-0.151343872757603	-0.16877191275567	0.9631975969299911
-0.151343872757603	-0.16877191275567	0.9631975969299911
-0.151343872757603	-0.16877191275567	0.9631975969299911
-0.163322408155572	-0.172300249994656	0.950723802450946
-0.163322408155572	-0.172300249994656	0.950723802450946
-0.163322408155572	-0.172300249994656	0.950723802450946
-0.163322408155572	-0.172300249994656	0.950723802450946
-0.163322408155572	-0.172300249994656	0.950723802450946
-0.177973296130896	-0.173918883038737	0.9542774091799859
-0.177973296130896	-0.173918883038737	0.9542774091799859
-0.177973296130896	-0.173918883038737	0.9542774091799859
-0.177973296130896	-0.173918883038737	0.9542774091799859
-0.177973296130896	-0.173918883038737	0.9542774091799859
-0.177973296130896	-0.173918883038737	0.9542774091799859
-0.194715524783724	-0.175569781241582	0.953969634025379
-0.194715524783724	-0.175569781241582	0.953969634025379
-0.194715524783724	-0.175569781241582	0.953969634025379
-0.194715524783724	-0.175569781241582	0.953969634025379
-0.194715524783724	-0.175569781241582	0.953969634025379
-0.212021772899648	-0.177511870912491	0.952262623305367
-0.212021772899648	-0.177511870912491	0.952262623305367
-0.212021772899648	-0.177511870912491	0.952262623305367
-0.212021772899648	-0.177511870912491	0.952262623305367
-0.212021772899648	-0.177511870912491	0.952262623305367
-0.212021772899648	-0.177511870912491	0.952262623305367
-0.22908644793352098	-0.17846223486718302	0.953054766369657
-0.22908644793352098	-0.17846223486718302	0.953054766369657
-0.22908644793352098	-0.17846223486718302	0.953054766369657
-0.22908644793352098	-0.17846223486718302	0.953054766369657
-0.22908644793352098	-0.17846223486718302	0.953054766369657
-0.22908644793352098	-0.17846223486718302	0.953054766369657
-0.245062597255328	-0.181209786408745	0.955010396049993
-0.245062597255328	-0.181209786408745	0.955010396049993
-0.245062597255328	-0.181209786408745	0.955010396049993
-0.245062597255328	-0.181209786408745	0.955010396049993
-0.245062597255328	-0.181209786408745	0.955010396049993
-0.261005795899942	-0.18432988169782102	0.955295405356123
-0.261005795899942	-0.18432988169782102	0.955295405356123
-0.261005795899942	-0.18432988169782102	0.955295405356123
-0.261005795899942	-0.18432988169782102	0.955295405356123
-0.261005795899942	-0.18432988169782102	0.955295405356123
-0.27660111876947296	-0.18690601030786103	0.953901477216588
-0.27660111876947296	-0.18690601030786103	0.953901477216588
-0.27660111876947296	-0.18690601030786103	0.953901477216588
-0.27660111876947296	-0.18690601030786103	0.953901477216588
-0.27660111876947296	-0.18690601030786103	0.953901477216588
-0.27660111876947296	-0.18690601030786103	0.953901477216588
-0.29002944369982403	-0.19140051161744	0.9528230631603821
-0.29002944369982403	-0.19140051161744	0.9528230631603821
-0.29002944369982403	-0.19140051161744	0.9528230631603821
-0.29002944369982403	-0.19140051161744	0.9528230631603821
-0.29002944369982403	-0.19140051161744	0.9528230631603821
-0.30251746261350004	-0.196083856613825	0.953161581447588
-0.30251746261350004	-0.196083856613825	0.953161581447588
-0.30251746261350004	-0.196083856613825	0.953161581447588
-0.30251746261350004	-0.196083856613825	0.953161581447588
-0.30251746261350004	-0.196083856613825	0.953161581447588
-0.30251746261350004	-0.196083856613825	0.953161581447588
-0.312946317630767	-0.200384680256124	0.9502619878987171
-0.312946317630767	-0.200384680256124	0.9502619878987171
-0.312946317630767	-0.200384680256124	0.9502619878987171
-0.312946317630767	-0.200384680256124	0.9502619878987171
-0.312946317630767	-0.200384680256124	0.9502619878987171
-0.324405255004477	-0.2040810381277	0.947929775149892
-0.324405255004477	-0.2040810381277	0.947929775149892
-0.324405255004477	-0.2040810381277	0.947929775149892
-0.324405255004477	-0.2040810381277	0.947929775149892
-0.324405255004477	-0.2040810381277	0.947929775149892
-0.324405255004477	-0.2040810381277	0.947929775149892
-0.33064181949702204	-0.209672501143699	0.9445410930001861
-0.33064181949702204	-0.209672501143699	0.9445410930001861
-0.33064181949702204	-0.209672501143699	0.9445410930001861
-0.33064181949702204	-0.209672501143699	0.9445410930001861
-0.33064181949702204	-0.209672501143699	0.9445410930001861
-0.338405335697245	-0.214337335808052	0.9410103014569721
-0.338405335697245	-0.214337335808052	0.9410103014569721
-0.338405335697245	-0.214337335808052	0.9410103014569721
-0.338405335697245	-0.214337335808052	0.9410103014569721
-0.338405335697245	-0.214337335808052	0.9410103014569721
-0.338405335697245	-0.214337335808052	0.9410103014569721
-0.343246733647831	-0.219589057174361	0.936669752584014
-0.343246733647831	-0.219589057174361	0.936669752584014
-0.343246733647831	-0.219589057174361	0.936669752584014
-0.343246733647831	-0.219589057174361	0.936669752584014
-0.343246733647831	-0.219589057174361	0.936669752584014
-0.34737173577027103	-0.223572137137489	0.931247788077269
-0.34737173577027103	-0.223572137137489	0.931247788077269
-0.34737173577027103	-0.223572137137489	0.931247788077269
-0.34737173577027103	-0.223572137137489	0.931247788077269
-0.34737173577027103	-0.223572137137489	0.931247788077269
-0.34737173577027103	-0.223572137137489	0.931247788077269
-0.349361328306571	-0.229302859474625	0.929088927433386
-0.349361328306571	-0.229302859474625	0.929088927433386
-0.349361328306571	-0.229302859474625	0.929088927433386
-0.349361328306571	-0.229302859474625	0.929088927433386
-0.349361328306571	-0.229302859474625	0.929088927433386
-0.350400554959606	-0.235044801054365	0.927359184908324
-0.350400554959606	-0.235044801054365	0.927359184908324
-0.350400554959606	-0.235044801054365	0.927359184908324
-0.350400554959606	-0.235044801054365	0.927359184908324
-0.350400554959606	-0.235044801054365	0.927359184908324
-0.349856090100363	-0.240467952674722	0.926904001492738
-0.349856090100363	-0.240467952674722	0.926904001492738
-0.349856090100363	-0.240467952674722	0.926904001492738
-0.349856090100363	-0.240467952674722	0.926904001492738
-0.349856090100363	-0.240467952674722	0.926904001492738
-0.349856090100363	-0.240467952674722	0.926904001492738
-0.349092831848465	-0.24584375621062302	0.928338236605314
-0.349092831848465	-0.24584375621062302	0.928338236605314
-0.349092831848465	-0.24584375621062302	0.928338236605314
-0.349092831848465	-0.24584375621062302	0.928338236605314
-0.349092831848465	-0.24584375621062302	0.928338236605314
-0.344815801198605	-0.253706053407203	0.93360707744184
-0.344815801198605	-0.253706053407203	0.93360707744184
-0.344815801198605	-0.253706053407203	0.93360707744184
-0.344815801198605	-0.253706053407203	0.93360707744184
-0.344815801198605	-0.253706053407203	0.93360707744184
-0.344815801198605	-0.253706053407203	0.93360707744184
-0.342321642740631	-0.260377602438407	0.93801023207384
-0.342321642740631	-0.260377602438407	0.93801023207384
-0.342321642740631	-0.260377602438407	0.93801023207384
-0.342321642740631	-0.260377602438407	0.93801023207384
-0.342321642740631	-0.260377602438407	0.93801023207384
-0.33692342222911403	-0.26925862262103	0.942362232564
-0.33692342222911403	-0.26925862262103	0.942362232564
-0.33692342222911403	-0.26925862262103	0.942362232564
-0.33692342222911403	-0.26925862262103	0.942362232564
-0.33692342222911403	-0.26925862262103	0.942362232564
-0.332230818389082	-0.27792445714333597	0.9328483638332911
-0.332230818389082	-0.27792445714333597	0.9328483638332911
-0.332230818389082	-0.27792445714333597	0.9328483638332911
-0.332230818389082	-0.27792445714333597	0.9328483638332911
-0.332230818389082	-0.27792445714333597	0.9328483638332911
-0.332230818389082	-0.27792445714333597	0.9328483638332911
-0.332230818389082	-0.27792445714333597	0.9328483638332911
-0.328681774750834	-0.287206986412371	0.87611642753243
-0.328681774750834	-0.287206986412371	0.87611642753243
-0.328681774750834	-0.287206986412371	0.87611642753243
-0.328681774750834	-0.287206986412371	0.87611642753243
-0.328681774750834	-0.287206986412371	0.87611642753243
-0.323854368613112	-0.29834064357272	0.800327262897539
-0.323854368613112	-0.29834064357272	0.800327262897539
-0.323854368613112	-0.29834064357272	0.800327262897539
-0.323854368613112	-0.29834064357272	0.800327262897539
-0.323854368613112	-0.29834064357272	0.800327262897539
-0.319399974362825	-0.30849724056598504	0.714308877073319
-0.319399974362825	-0.30849724056598504	0.714308877073319
-0.319399974362825	-0.30849724056598504	0.714308877073319
-0.319399974362825	-0.30849724056598504	0.714308877073319
-0.319399974362825	-0.30849724056598504	0.714308877073319
-0.31657830777218	-0.317885128947681	0.6223713727237651
-0.31657830777218	-0.317885128947681	0.6223713727237651
-0.31657830777218	-0.317885128947681	0.6223713727237651
-0.31657830777218	-0.317885128947681	0.6223713727237651
-0.31657830777218	-0.317885128947681	0.6223713727237651
-0.31657830777218	-0.317885128947681	0.6223713727237651
-0.315084713477513	-0.325416532674738	0.537925083943519
-0.315084713477513	-0.325416532674738	0.537925083943519
-0.315084713477513	-0.325416532674738	0.537925083943519
-0.315084713477513	-0.325416532674738	0.537925083943519
-0.315084713477513	-0.325416532674738	0.537925083943519
-0.315084713477513	-0.325416532674738	0.537925083943519
-0.313236227065049	-0.335457987764838	0.44513983698664905
-0.313236227065049	-0.335457987764838	0.44513983698664905
-0.313236227065049	-0.335457987764838	0.44513983698664905
-0.313236227065049	-0.335457987764838	0.44513983698664905
-0.313236227065049	-0.335457987764838	0.44513983698664905
-0.315893673341324	-0.344248999169096	0.346640361090577
-0.315893673341324	-0.344248999169096	0.346640361090577
-0.315893673341324	-0.344248999169096	0.346640361090577
-0.315893673341324	-0.344248999169096	0.346640361090577
-0.315893673341324	-0.344248999169096	0.346640361090577
-0.315893673341324	-0.344248999169096	0.346640361090577
-0.315893673341324	-0.344248999169096	0.346640361090577
-0.315328016884712	-0.35267502800478	0.256502762327265
-0.315328016884712	-0.35267502800478	0.256502762327265
-0.315328016884712	-0.35267502800478	0.256502762327265
-0.315328016884712	-0.35267502800478	0.256502762327265
-0.318244163315176	-0.358038757929774	0.177931759085166
-0.318244163315176	-0.358038757929774	0.177931759085166
-0.318244163315176	-0.358038757929774	0.177931759085166
-0.318244163315176	-0.358038757929774	0.177931759085166
-0.318244163315176	-0.358038757929774	0.177931759085166
-0.311968049557582	-0.358373422782532	0.160474902889473
-0.311968049557582	-0.358373422782532	0.160474902889473
-0.311968049557582	-0.358373422782532	0.160474902889473
-0.311968049557582	-0.358373422782532	0.160474902889473
-0.311968049557582	-0.358373422782532	0.160474902889473
-0.311968049557582	-0.358373422782532	0.160474902889473
-0.311695456450065	-0.358622944533514	0.157829736145807
-0.311695456450065	-0.358622944533514	0.157829736145807
-0.311695456450065	-0.358622944533514	0.157829736145807
-0.311695456450065	-0.358622944533514	0.157829736145807
-0.311695456450065	-0.358622944533514	0.157829736145807
-0.31146569358224796	-0.358691872052316	0.157561907763468
-0.31146569358224796	-0.358691872052316	0.157561907763468
-0.31146569358224796	-0.358691872052316	0.157561907763468
-0.31146569358224796	-0.358691872052316	0.157561907763468
-0.31146569358224796	-0.358691872052316	0.157561907763468
-0.31146569358224796	-0.358691872052316	0.157561907763468
-0.311570182181009	-0.35863784362120205	0.15793323838946402
-0.311570182181009	-0.35863784362120205	0.15793323838946402
-0.311570182181009	-0.35863784362120205	0.15793323838946402
-0.311570182181009	-0.35863784362120205	0.15793323838946402
-0.311570182181009	-0.35863784362120205	0.15793323838946402
-0.311570182181009	-0.35863784362120205	0.15793323838946402
-0.31164327204753406	-0.358668043173011	0.158034122014013
